<?xml version="1.0" encoding="UTF-8"?>

<!-- Carrier configuration file for SRLTE with CHGWL roaming 
$Header: //commercial/MPSS.TH.2.1.r5/Main/modem_proc/mmcp/policyman/configurations/Carrier/Verizon/1xSRLTE/CHGWL_roam/subsidized/carrier_policy.xml#1 $
-->
<policy name        = "generic"
        changelist  = "$Change: 8972075 $" 
        enabled     = "true"
        schema_ver  = "1"
        policy_ver  = "29.1.10"
>

  <initial>
    <actions>

      <!-- List of the MCCs in which SRLTE is allowed -->
      <mcc_list name="sxlte_mccs"> 310 311 312 001 330 460 </mcc_list>

      <!-- These are the serving system PLMNs for which SRLTE will be allowed 
       -->
      <!-- NOTE: Proper functioning of the SXLTE policy requires that there
           be an PLMN list named "sxlte_plmns". Do NOT rename this list.
      -->
      <!-- REMOVE sxlte_plmns and LGP_LTE_VZW_SET_HVOLTE_SRLTE_CONFIG 
      <plmn_list name = "sxlte_plmns">
        311-480 311-480 330-00 001-01
      </plmn_list>
      -->

      <boolean_define name="cm:rpm_enabled" initial="true" />
      
      <!-- Define the hybr_oos timer with a 1 minute interval -->
      <define_timer name = "hybr_oos" interval = "1" units = "min" id = "101" />

      <!-- Define device configuration as Single SIM -->
      <device_configuration num_sims="1" max_active="1">
        <config>
          <subs id="1" feature="srlte">
            <rat_capability base="none" >
              <include> CDMA HDR GSM WCDMA LTE </include>
            </rat_capability>
          </subs>
        </config>
      </device_configuration>

      <!-- Define initial RAT capability as CHL for SUBS1-->
      <rat_capability base="none" >
        <include> CDMA HDR GSM WCDMA LTE </include>
      </rat_capability>

      <feature> srlte </feature>

      <!-- Define Intial UE mode as 1X_CSFB_PREF -->
      <ue_mode_if> 1X_CSFB_PREF </ue_mode_if>

      <rf_bands>
        <gw_bands base="hardware" />
        <lte_bands base="hardware" />
        <tds_bands base="none" />
      </rf_bands>
      
      <!-- Boolean: Is the device at home? -->
      <boolean_define name="home" initial="true" />
      <boolean_set name="home">
        <ue_mode_is> 1X_CSFB_PREF </ue_mode_is>
      </boolean_set>

    </actions>
  </initial>

<!--
  ====================================================================
    Rules to handle OOS situations and timers.
  ====================================================================
  -->

  <!-- RULE #1 -->
  <!-- Determine location if we have service.
  -->
  <rule precond="none">
    <conditions>
      <have_service />
    </conditions>
    <actions>
      <boolean_set name="home">
        <location_mcc_in list="sxlte_mccs" />
      </boolean_set>
      <svc_mode> FULL </svc_mode>
      <continue />
    </actions>
  </rule>

  <!-- RULE #2 -->
  <!-- If we have no service do not continue to other rules.
  -->
  <rule precond="none">
    <conditions>
      <not> <have_service /> </not>
    </conditions>
    <actions/>
  </rule>

<!--
  ====================================================================
    Rules to implement SRLTE
  ====================================================================
  -->

  <!-- RULE #3 -->
  <!-- If conditions allow, operate as SRLTE otherwise CSFB.
  -->  
  <if>
    <cond> <boolean_test name="home" /> </cond>
    <then> <ue_mode> 1X_CSFB_PREF </ue_mode> </then>
    <else> <ue_mode> CSFB </ue_mode> </else>
  </if>
       
</policy>